{
  "hash": "5165f29b",
  "configHash": "0b7ac532",
  "lockfileHash": "a0cc6420",
  "browserHash": "0fc734a0",
  "optimized": {
    "@angular/core": {
      "src": "../../../../../../node_modules/@angular/core/fesm2022/core.mjs",
      "file": "@angular_core.js",
      "fileHash": "47dc000a",
      "needsInterop": false
    },
    "@angular/platform-browser": {
      "src": "../../../../../../node_modules/@angular/platform-browser/fesm2022/platform-browser.mjs",
      "file": "@angular_platform-browser.js",
      "fileHash": "db11f6c0",
      "needsInterop": false
    },
    "@angular/router": {
      "src": "../../../../../../node_modules/@angular/router/fesm2022/router.mjs",
      "file": "@angular_router.js",
      "fileHash": "28f2c390",
      "needsInterop": false
    }
  },
  "chunks": {
    "chunk-KBKLZTRE": {
      "file": "chunk-KBKLZTRE.js"
    },
    "chunk-UHEQVDSS": {
      "file": "chunk-UHEQVDSS.js"
    }
  }
}